Konfigurationen:;;;;;;;
;Genomtyp;Anzahl Generationen;Generationsgröße;Mutationsoperator;Mutationsrate;Crossoveroperator;Crossoverrate
Config 1;GenomeType.RANDOM_VECTOR;50;50;MutationOperator.RANDOM_RESETTING;0,05;CrossoverOperator.UNIFORM;0,7
;;;;;;;
Ergebnisse:;;;;;;;
;Config 1;;;;;;
InstanzenPSPLIB/j12011_3.sm;571;1.460 min;;;;;
InstanzenPSPLIB/j12011_4.sm;549;1.703 min;;;;;
InstanzenPSPLIB/j12011_1.sm;509;1.704 min;;;;;
InstanzenPSPLIB/j12011_5.sm;585;2.051 min;;;;;
InstanzenPSPLIB/j12011_2.sm;461;2.148 min;;;;;
InstanzenPSPLIB/j12011_6.sm;576;2.155 min;;;;;
InstanzenPSPLIB/j12011_7.sm;465;2.195 min;;;;;
InstanzenPSPLIB/j12011_9.sm;537;2.221 min;;;;;
InstanzenPSPLIB/j12011_10.sm;563;2.249 min;;;;;
InstanzenPSPLIB/j12011_8.sm;516;2.292 min;;;;;
InstanzenPSPLIB/j12012_1.sm;447;1.792 min;;;;;
InstanzenPSPLIB/j12012_2.sm;432;1.674 min;;;;;
InstanzenPSPLIB/j12012_3.sm;406;2.158 min;;;;;
InstanzenPSPLIB/j12012_4.sm;424;1.856 min;;;;;
InstanzenPSPLIB/j12012_10.sm;496;1.666 min;;;;;
InstanzenPSPLIB/j12012_9.sm;410;1.839 min;;;;;
InstanzenPSPLIB/j12012_6.sm;434;2.037 min;;;;;
InstanzenPSPLIB/j12012_8.sm;399;2.152 min;;;;;
InstanzenPSPLIB/j12012_5.sm;513;2.305 min;;;;;
InstanzenPSPLIB/j12012_7.sm;396;2.338 min;;;;;
InstanzenPSPLIB/j12013_1.sm;405;1.913 min;;;;;
InstanzenPSPLIB/j12013_2.sm;260;2.205 min;;;;;
InstanzenPSPLIB/j12013_7.sm;344;1.492 min;;;;;
InstanzenPSPLIB/j12013_5.sm;289;2.044 min;;;;;
InstanzenPSPLIB/j12013_3.sm;360;2.174 min;;;;;
InstanzenPSPLIB/j12013_6.sm;316;2.165 min;;;;;
InstanzenPSPLIB/j12013_4.sm;374;2.348 min;;;;;
InstanzenPSPLIB/j12013_8.sm;319;2.195 min;;;;;
InstanzenPSPLIB/j12013_10.sm;316;2.088 min;;;;;
InstanzenPSPLIB/j12013_9.sm;276;2.234 min;;;;;
InstanzenPSPLIB/j12014_1.sm;281;1.882 min;;;;;
InstanzenPSPLIB/j12014_3.sm;285;1.777 min;;;;;
InstanzenPSPLIB/j12014_2.sm;304;2.049 min;;;;;
InstanzenPSPLIB/j12014_4.sm;281;1.701 min;;;;;
InstanzenPSPLIB/j12014_5.sm;296;2.106 min;;;;;
InstanzenPSPLIB/j12014_8.sm;334;1.587 min;;;;;
InstanzenPSPLIB/j12014_7.sm;279;1.902 min;;;;;
InstanzenPSPLIB/j12014_6.sm;298;2.075 min;;;;;
InstanzenPSPLIB/j12014_10.sm;277;2.005 min;;;;;
InstanzenPSPLIB/j12014_9.sm;293;2.272 min;;;;;
InstanzenPSPLIB/j12015_1.sm;219;1.975 min;;;;;
InstanzenPSPLIB/j12015_3.sm;253;1.622 min;;;;;
InstanzenPSPLIB/j12015_2.sm;216;2.141 min;;;;;
InstanzenPSPLIB/j12015_4.sm;218;1.911 min;;;;;
InstanzenPSPLIB/j12015_6.sm;246;2.096 min;;;;;
InstanzenPSPLIB/j12015_5.sm;213;2.175 min;;;;;
InstanzenPSPLIB/j12015_7.sm;187;2.223 min;;;;;
InstanzenPSPLIB/j12015_8.sm;246;2.223 min;;;;;
InstanzenPSPLIB/j12016_2.sm;653;1.354 min;;;;;
InstanzenPSPLIB/j12015_9.sm;248;2.001 min;;;;;
InstanzenPSPLIB/j12016_4.sm;608;1.387 min;;;;;
InstanzenPSPLIB/j12015_10.sm;243;2.230 min;;;;;
InstanzenPSPLIB/j12016_1.sm;589;2.312 min;;;;;
InstanzenPSPLIB/j12016_3.sm;692;2.349 min;;;;;
InstanzenPSPLIB/j12016_9.sm;644;1.378 min;;;;;
InstanzenPSPLIB/j12016_7.sm;606;1.826 min;;;;;
InstanzenPSPLIB/j12016_5.sm;606;2.266 min;;;;;
InstanzenPSPLIB/j12016_6.sm;632;2.314 min;;;;;
InstanzenPSPLIB/j12017_1.sm;453;1.721 min;;;;;
InstanzenPSPLIB/j12016_8.sm;585;2.302 min;;;;;
InstanzenPSPLIB/j12016_10.sm;667;2.336 min;;;;;
InstanzenPSPLIB/j12017_2.sm;402;2.344 min;;;;;
InstanzenPSPLIB/j12017_4.sm;404;1.558 min;;;;;
InstanzenPSPLIB/j12017_3.sm;351;2.280 min;;;;;
InstanzenPSPLIB/j12017_5.sm;444;2.173 min;;;;;
InstanzenPSPLIB/j12017_8.sm;388;1.694 min;;;;;
InstanzenPSPLIB/j12017_6.sm;440;2.301 min;;;;;
InstanzenPSPLIB/j12017_9.sm;425;1.797 min;;;;;
InstanzenPSPLIB/j12017_7.sm;476;2.294 min;;;;;
InstanzenPSPLIB/j12017_10.sm;430;2.317 min;;;;;
InstanzenPSPLIB/j12018_4.sm;321;1.562 min;;;;;
InstanzenPSPLIB/j12018_1.sm;409;2.255 min;;;;;
InstanzenPSPLIB/j12018_3.sm;322;1.838 min;;;;;
InstanzenPSPLIB/j12018_2.sm;363;2.260 min;;;;;
InstanzenPSPLIB/j12018_8.sm;338;1.351 min;;;;;
InstanzenPSPLIB/j12018_5.sm;352;2.250 min;;;;;
InstanzenPSPLIB/j12019_1.sm;237;1.328 min;;;;;
InstanzenPSPLIB/j12018_6.sm;405;2.325 min;;;;;
InstanzenPSPLIB/j12018_7.sm;371;2.292 min;;;;;
InstanzenPSPLIB/j12018_9.sm;297;2.241 min;;;;;
InstanzenPSPLIB/j12018_10.sm;317;2.137 min;;;;;
InstanzenPSPLIB/j12019_3.sm;284;2.071 min;;;;;
InstanzenPSPLIB/j12019_2.sm;280;2.223 min;;;;;
InstanzenPSPLIB/j12019_4.sm;316;1.854 min;;;;;
InstanzenPSPLIB/j12019_5.sm;332;1.801 min;;;;;
InstanzenPSPLIB/j12019_7.sm;306;1.765 min;;;;;
InstanzenPSPLIB/j12019_6.sm;298;2.129 min;;;;;
InstanzenPSPLIB/j12019_8.sm;294;2.234 min;;;;;
InstanzenPSPLIB/j12019_9.sm;306;2.158 min;;;;;
InstanzenPSPLIB/j12019_10.sm;278;2.268 min;;;;;
InstanzenPSPLIB/j12020_2.sm;294;2.059 min;;;;;
InstanzenPSPLIB/j12020_1.sm;263;2.332 min;;;;;
InstanzenPSPLIB/j12020_3.sm;251;2.239 min;;;;;
InstanzenPSPLIB/j12020_4.sm;225;2.266 min;;;;;
InstanzenPSPLIB/j12020_5.sm;201;2.310 min;;;;;
InstanzenPSPLIB/j12020_6.sm;208;2.355 min;;;;;
InstanzenPSPLIB/j12020_7.sm;209;2.333 min;;;;;
InstanzenPSPLIB/j12020_8.sm;320;2.252 min;;;;;
InstanzenPSPLIB/j12020_9.sm;203;2.371 min;;;;;
InstanzenPSPLIB/j12020_10.sm;247;2.272 min;;;;;
InstanzenPSPLIB/j12021_1.sm;395;2.654 min;;;;;
InstanzenPSPLIB/j12021_2.sm;336;2.525 min;;;;;
InstanzenPSPLIB/j12021_3.sm;454;2.551 min;;;;;
InstanzenPSPLIB/j12021_4.sm;409;2.458 min;;;;;
InstanzenPSPLIB/j12021_5.sm;336;2.445 min;;;;;
InstanzenPSPLIB/j12021_6.sm;393;1.923 min;;;;;
InstanzenPSPLIB/j12021_7.sm;398;1.741 min;;;;;
InstanzenPSPLIB/j12021_8.sm;354;2.378 min;;;;;
InstanzenPSPLIB/j12021_10.sm;335;2.043 min;;;;;
InstanzenPSPLIB/j12021_9.sm;384;2.558 min;;;;;
InstanzenPSPLIB/j12022_7.sm;309;1.470 min;;;;;
InstanzenPSPLIB/j12022_4.sm;331;2.088 min;;;;;
InstanzenPSPLIB/j12022_3.sm;356;2.169 min;;;;;
InstanzenPSPLIB/j12022_1.sm;325;2.534 min;;;;;
InstanzenPSPLIB/j12022_2.sm;355;2.530 min;;;;;
InstanzenPSPLIB/j12022_5.sm;334;2.641 min;;;;;
InstanzenPSPLIB/j12022_6.sm;352;2.587 min;;;;;
InstanzenPSPLIB/j12023_1.sm;395;1.540 min;;;;;
InstanzenPSPLIB/j12022_8.sm;340;2.589 min;;;;;
InstanzenPSPLIB/j12022_9.sm;308;2.507 min;;;;;
InstanzenPSPLIB/j12023_3.sm;284;1.834 min;;;;;
InstanzenPSPLIB/j12022_10.sm;270;2.498 min;;;;;
InstanzenPSPLIB/j12023_2.sm;303;2.008 min;;;;;
InstanzenPSPLIB/j12023_4.sm;290;2.079 min;;;;;
InstanzenPSPLIB/j12023_5.sm;279;2.320 min;;;;;
InstanzenPSPLIB/j12023_8.sm;242;1.905 min;;;;;
InstanzenPSPLIB/j12023_6.sm;353;2.604 min;;;;;
InstanzenPSPLIB/j12023_7.sm;352;2.612 min;;;;;
InstanzenPSPLIB/j12024_1.sm;238;1.523 min;;;;;
InstanzenPSPLIB/j12024_2.sm;261;1.945 min;;;;;
InstanzenPSPLIB/j12023_9.sm;336;2.472 min;;;;;
InstanzenPSPLIB/j12023_10.sm;310;2.563 min;;;;;
InstanzenPSPLIB/j12024_3.sm;228;2.370 min;;;;;
InstanzenPSPLIB/j12024_4.sm;288;2.196 min;;;;;
InstanzenPSPLIB/j12024_5.sm;261;2.320 min;;;;;
InstanzenPSPLIB/j12024_9.sm;264;1.718 min;;;;;
InstanzenPSPLIB/j12024_6.sm;236;2.347 min;;;;;
InstanzenPSPLIB/j12024_7.sm;228;2.277 min;;;;;
InstanzenPSPLIB/j12024_8.sm;266;2.428 min;;;;;
InstanzenPSPLIB/j12024_10.sm;245;2.058 min;;;;;
InstanzenPSPLIB/j12025_2.sm;199;1.914 min;;;;;
InstanzenPSPLIB/j12025_1.sm;238;2.083 min;;;;;
InstanzenPSPLIB/j12025_4.sm;232;1.851 min;;;;;
InstanzenPSPLIB/j12025_3.sm;218;2.356 min;;;;;
InstanzenPSPLIB/j12025_5.sm;210;2.136 min;;;;;
InstanzenPSPLIB/j12025_6.sm;240;2.065 min;;;;;
InstanzenPSPLIB/j12025_8.sm;200;1.862 min;;;;;
InstanzenPSPLIB/j12025_7.sm;258;2.470 min;;;;;
InstanzenPSPLIB/j12025_9.sm;220;2.321 min;;;;;
InstanzenPSPLIB/j12025_10.sm;195;2.405 min;;;;;
InstanzenPSPLIB/j12026_1.sm;501;2.313 min;;;;;
InstanzenPSPLIB/j12026_2.sm;466;2.461 min;;;;;
InstanzenPSPLIB/j12026_6.sm;545;1.566 min;;;;;
InstanzenPSPLIB/j12026_3.sm;502;2.473 min;;;;;
InstanzenPSPLIB/j12026_7.sm;473;1.504 min;;;;;
InstanzenPSPLIB/j12026_4.sm;481;2.437 min;;;;;
InstanzenPSPLIB/j12026_5.sm;447;2.107 min;;;;;
InstanzenPSPLIB/j12026_8.sm;495;2.375 min;;;;;
InstanzenPSPLIB/j12026_9.sm;528;2.245 min;;;;;
InstanzenPSPLIB/j12027_2.sm;388;1.949 min;;;;;
InstanzenPSPLIB/j12027_1.sm;337;2.172 min;;;;;
InstanzenPSPLIB/j12026_10.sm;509;2.316 min;;;;;
InstanzenPSPLIB/j12027_4.sm;381;1.926 min;;;;;
InstanzenPSPLIB/j12027_5.sm;335;1.924 min;;;;;
InstanzenPSPLIB/j12027_3.sm;446;2.084 min;;;;;
InstanzenPSPLIB/j12027_7.sm;389;2.302 min;;;;;
InstanzenPSPLIB/j12027_6.sm;484;2.334 min;;;;;
InstanzenPSPLIB/j12028_1.sm;355;1.485 min;;;;;
InstanzenPSPLIB/j12027_8.sm;426;2.120 min;;;;;
InstanzenPSPLIB/j12028_5.sm;294;1.776 min;;;;;
InstanzenPSPLIB/j12027_9.sm;405;2.407 min;;;;;
InstanzenPSPLIB/j12027_10.sm;384;2.348 min;;;;;
InstanzenPSPLIB/j12028_2.sm;332;2.314 min;;;;;
InstanzenPSPLIB/j12028_3.sm;317;2.371 min;;;;;
InstanzenPSPLIB/j12028_7.sm;349;1.737 min;;;;;
InstanzenPSPLIB/j12028_4.sm;359;2.431 min;;;;;
InstanzenPSPLIB/j12028_6.sm;289;2.251 min;;;;;
InstanzenPSPLIB/j12028_8.sm;320;1.751 min;;;;;
InstanzenPSPLIB/j12028_9.sm;298;1.723 min;;;;;
InstanzenPSPLIB/j12029_3.sm;271;1.792 min;;;;;
InstanzenPSPLIB/j12028_10.sm;408;2.315 min;;;;;
InstanzenPSPLIB/j12029_1.sm;280;2.286 min;;;;;
InstanzenPSPLIB/j12029_5.sm;301;1.875 min;;;;;
InstanzenPSPLIB/j12029_2.sm;251;2.176 min;;;;;
InstanzenPSPLIB/j12029_4.sm;225;2.101 min;;;;;
InstanzenPSPLIB/j12029_6.sm;303;2.369 min;;;;;
InstanzenPSPLIB/j12029_7.sm;327;2.307 min;;;;;
InstanzenPSPLIB/j12029_8.sm;270;2.374 min;;;;;
InstanzenPSPLIB/j12029_10.sm;248;1.608 min;;;;;
InstanzenPSPLIB/j12029_9.sm;252;2.282 min;;;;;
InstanzenPSPLIB/j12030_1.sm;269;1.781 min;;;;;
InstanzenPSPLIB/j12030_2.sm;285;2.119 min;;;;;
InstanzenPSPLIB/j12030_3.sm;267;2.254 min;;;;;
InstanzenPSPLIB/j12030_4.sm;221;2.211 min;;;;;
InstanzenPSPLIB/j12030_5.sm;301;2.323 min;;;;;
InstanzenPSPLIB/j12030_9.sm;277;1.530 min;;;;;
InstanzenPSPLIB/j12030_6.sm;258;2.347 min;;;;;
InstanzenPSPLIB/j12030_10.sm;221;1.567 min;;;;;
InstanzenPSPLIB/j12030_7.sm;293;2.352 min;;;;;
InstanzenPSPLIB/j12030_8.sm;221;2.154 min;;;;;
InstanzenPSPLIB/j12031_1.sm;546;2.422 min;;;;;
InstanzenPSPLIB/j12031_3.sm;493;1.903 min;;;;;
InstanzenPSPLIB/j12031_2.sm;566;2.267 min;;;;;
InstanzenPSPLIB/j12031_5.sm;583;1.922 min;;;;;
InstanzenPSPLIB/j12031_4.sm;571;2.436 min;;;;;
InstanzenPSPLIB/j12031_6.sm;564;2.208 min;;;;;
InstanzenPSPLIB/j12031_7.sm;579;2.183 min;;;;;
InstanzenPSPLIB/j12031_10.sm;626;1.818 min;;;;;
InstanzenPSPLIB/j12031_9.sm;548;1.926 min;;;;;
InstanzenPSPLIB/j12031_8.sm;536;2.422 min;;;;;
InstanzenPSPLIB/j12032_4.sm;461;1.585 min;;;;;
InstanzenPSPLIB/j12032_1.sm;502;2.143 min;;;;;
InstanzenPSPLIB/j12032_2.sm;423;2.311 min;;;;;
InstanzenPSPLIB/j12032_3.sm;457;2.415 min;;;;;
InstanzenPSPLIB/j12032_7.sm;414;1.746 min;;;;;
InstanzenPSPLIB/j12032_8.sm;440;1.886 min;;;;;
InstanzenPSPLIB/j12032_5.sm;449;2.372 min;;;;;
InstanzenPSPLIB/j12032_6.sm;431;2.055 min;;;;;
InstanzenPSPLIB/j12032_9.sm;420;2.366 min;;;;;
InstanzenPSPLIB/j12032_10.sm;431;2.416 min;;;;;
InstanzenPSPLIB/j12033_1.sm;343;2.070 min;;;;;
InstanzenPSPLIB/j12033_2.sm;402;2.201 min;;;;;
InstanzenPSPLIB/j12033_3.sm;378;2.102 min;;;;;
InstanzenPSPLIB/j12033_5.sm;448;1.803 min;;;;;
InstanzenPSPLIB/j12033_6.sm;364;1.843 min;;;;;
InstanzenPSPLIB/j12033_4.sm;374;2.290 min;;;;;
InstanzenPSPLIB/j12033_9.sm;370;1.795 min;;;;;
InstanzenPSPLIB/j12033_8.sm;362;2.360 min;;;;;
InstanzenPSPLIB/j12033_7.sm;391;2.384 min;;;;;
InstanzenPSPLIB/j12033_10.sm;340;2.214 min;;;;;
InstanzenPSPLIB/j12034_1.sm;262;1.953 min;;;;;
InstanzenPSPLIB/j12034_5.sm;311;1.589 min;;;;;
InstanzenPSPLIB/j12034_4.sm;297;1.932 min;;;;;
InstanzenPSPLIB/j12034_3.sm;303;2.120 min;;;;;
InstanzenPSPLIB/j12034_2.sm;327;2.332 min;;;;;
InstanzenPSPLIB/j12034_6.sm;282;2.198 min;;;;;
InstanzenPSPLIB/j12034_7.sm;345;2.145 min;;;;;
InstanzenPSPLIB/j12034_8.sm;281;2.216 min;;;;;
InstanzenPSPLIB/j12034_9.sm;313;2.395 min;;;;;
InstanzenPSPLIB/j12035_2.sm;346;1.394 min;;;;;
InstanzenPSPLIB/j12035_3.sm;234;1.456 min;;;;;
InstanzenPSPLIB/j12034_10.sm;282;2.306 min;;;;;
InstanzenPSPLIB/j12035_1.sm;254;2.360 min;;;;;
InstanzenPSPLIB/j12035_5.sm;301;2.327 min;;;;;
InstanzenPSPLIB/j12035_4.sm;298;2.379 min;;;;;
InstanzenPSPLIB/j12035_7.sm;254;1.707 min;;;;;
InstanzenPSPLIB/j12035_10.sm;226;1.397 min;;;;;
InstanzenPSPLIB/j12035_6.sm;247;2.330 min;;;;;
InstanzenPSPLIB/j12035_8.sm;282;1.947 min;;;;;
InstanzenPSPLIB/j12035_9.sm;288;2.361 min;;;;;
InstanzenPSPLIB/j12036_1.sm;630;2.390 min;;;;;
InstanzenPSPLIB/j12036_2.sm;623;2.229 min;;;;;
InstanzenPSPLIB/j12036_3.sm;635;2.367 min;;;;;
InstanzenPSPLIB/j12036_6.sm;638;1.605 min;;;;;
InstanzenPSPLIB/j12036_4.sm;621;1.880 min;;;;;
InstanzenPSPLIB/j12036_5.sm;629;2.284 min;;;;;
InstanzenPSPLIB/j12036_7.sm;645;2.086 min;;;;;
InstanzenPSPLIB/j12036_8.sm;518;2.062 min;;;;;
InstanzenPSPLIB/j12036_9.sm;604;2.137 min;;;;;
InstanzenPSPLIB/j12036_10.sm;651;1.843 min;;;;;
InstanzenPSPLIB/j12037_1.sm;454;2.040 min;;;;;
InstanzenPSPLIB/j12037_2.sm;507;2.314 min;;;;;
InstanzenPSPLIB/j12037_6.sm;597;1.486 min;;;;;
InstanzenPSPLIB/j12037_3.sm;481;2.405 min;;;;;
InstanzenPSPLIB/j12037_4.sm;557;2.352 min;;;;;
InstanzenPSPLIB/j12037_5.sm;643;2.409 min;;;;;
InstanzenPSPLIB/j12037_8.sm;590;1.928 min;;;;;
InstanzenPSPLIB/j12037_10.sm;431;1.583 min;;;;;
InstanzenPSPLIB/j12037_7.sm;557;2.375 min;;;;;
InstanzenPSPLIB/j12037_9.sm;488;2.313 min;;;;;
InstanzenPSPLIB/j12038_1.sm;329;2.219 min;;;;;
InstanzenPSPLIB/j12038_2.sm;375;1.892 min;;;;;
InstanzenPSPLIB/j12038_3.sm;464;1.978 min;;;;;
InstanzenPSPLIB/j12038_5.sm;360;2.305 min;;;;;
InstanzenPSPLIB/j12038_4.sm;486;2.353 min;;;;;
InstanzenPSPLIB/j12038_7.sm;310;1.969 min;;;;;
InstanzenPSPLIB/j12038_6.sm;386;2.301 min;;;;;
InstanzenPSPLIB/j12038_9.sm;436;2.084 min;;;;;
InstanzenPSPLIB/j12038_8.sm;389;2.329 min;;;;;
InstanzenPSPLIB/j12039_3.sm;333;1.457 min;;;;;
InstanzenPSPLIB/j12038_10.sm;437;2.263 min;;;;;
InstanzenPSPLIB/j12039_2.sm;332;1.921 min;;;;;
InstanzenPSPLIB/j12039_1.sm;300;2.287 min;;;;;
InstanzenPSPLIB/j12039_6.sm;294;1.661 min;;;;;
InstanzenPSPLIB/j12039_4.sm;316;1.887 min;;;;;
InstanzenPSPLIB/j12039_5.sm;304;2.147 min;;;;;
InstanzenPSPLIB/j12039_7.sm;332;2.335 min;;;;;
InstanzenPSPLIB/j12039_8.sm;307;2.192 min;;;;;
InstanzenPSPLIB/j12039_10.sm;336;1.785 min;;;;;
InstanzenPSPLIB/j12039_9.sm;309;2.251 min;;;;;
InstanzenPSPLIB/j12040_1.sm;244;2.176 min;;;;;
InstanzenPSPLIB/j12040_2.sm;263;2.315 min;;;;;
InstanzenPSPLIB/j12040_3.sm;254;2.170 min;;;;;
InstanzenPSPLIB/j12040_5.sm;291;1.827 min;;;;;
InstanzenPSPLIB/j12040_4.sm;292;2.043 min;;;;;
InstanzenPSPLIB/j12040_6.sm;236;2.158 min;;;;;
InstanzenPSPLIB/j12040_7.sm;256;2.043 min;;;;;
InstanzenPSPLIB/j12040_8.sm;287;2.068 min;;;;;
InstanzenPSPLIB/j12040_9.sm;353;2.045 min;;;;;
InstanzenPSPLIB/j12040_10.sm;260;1.871 min;;;;;
InstanzenPSPLIB/j12041_1.sm;402;2.127 min;;;;;
InstanzenPSPLIB/j12041_3.sm;443;2.073 min;;;;;
InstanzenPSPLIB/j12041_2.sm;429;2.525 min;;;;;
InstanzenPSPLIB/j12041_5.sm;391;2.499 min;;;;;
InstanzenPSPLIB/j12041_6.sm;348;2.007 min;;;;;
InstanzenPSPLIB/j12041_4.sm;381;2.681 min;;;;;
InstanzenPSPLIB/j12041_8.sm;388;2.187 min;;;;;
InstanzenPSPLIB/j12041_9.sm;354;2.400 min;;;;;
InstanzenPSPLIB/j12042_1.sm;386;1.887 min;;;;;
InstanzenPSPLIB/j12041_7.sm;344;2.550 min;;;;;
InstanzenPSPLIB/j12041_10.sm;392;2.517 min;;;;;
InstanzenPSPLIB/j12042_3.sm;298;2.092 min;;;;;
InstanzenPSPLIB/j12042_2.sm;321;2.410 min;;;;;
InstanzenPSPLIB/j12042_4.sm;321;2.197 min;;;;;
InstanzenPSPLIB/j12042_5.sm;400;2.380 min;;;;;
InstanzenPSPLIB/j12042_6.sm;329;2.395 min;;;;;
InstanzenPSPLIB/j12042_7.sm;326;2.047 min;;;;;
InstanzenPSPLIB/j12042_9.sm;269;1.885 min;;;;;
InstanzenPSPLIB/j12042_8.sm;366;2.572 min;;;;;
InstanzenPSPLIB/j12042_10.sm;333;2.541 min;;;;;
InstanzenPSPLIB/j12043_1.sm;337;2.514 min;;;;;
InstanzenPSPLIB/j12043_2.sm;399;1.696 min;;;;;
InstanzenPSPLIB/j12043_3.sm;345;2.450 min;;;;;
InstanzenPSPLIB/j12043_4.sm;336;2.238 min;;;;;
InstanzenPSPLIB/j12043_7.sm;326;1.973 min;;;;;
InstanzenPSPLIB/j12043_5.sm;288;2.515 min;;;;;
InstanzenPSPLIB/j12043_6.sm;341;2.546 min;;;;;
InstanzenPSPLIB/j12043_8.sm;273;2.416 min;;;;;
InstanzenPSPLIB/j12043_9.sm;348;2.000 min;;;;;
InstanzenPSPLIB/j12044_2.sm;244;1.927 min;;;;;
InstanzenPSPLIB/j12043_10.sm;303;2.160 min;;;;;
InstanzenPSPLIB/j12044_1.sm;247;2.509 min;;;;;
InstanzenPSPLIB/j12044_4.sm;301;2.200 min;;;;;
InstanzenPSPLIB/j12044_5.sm;303;2.062 min;;;;;
InstanzenPSPLIB/j12044_3.sm;256;2.486 min;;;;;
InstanzenPSPLIB/j12044_6.sm;326;1.896 min;;;;;
InstanzenPSPLIB/j12044_9.sm;213;1.836 min;;;;;
InstanzenPSPLIB/j12044_7.sm;296;2.550 min;;;;;
InstanzenPSPLIB/j12044_8.sm;303;2.540 min;;;;;
InstanzenPSPLIB/j12044_10.sm;241;2.269 min;;;;;
InstanzenPSPLIB/j12045_1.sm;296;2.317 min;;;;;
InstanzenPSPLIB/j12045_2.sm;265;2.154 min;;;;;
InstanzenPSPLIB/j12045_4.sm;229;2.088 min;;;;;
InstanzenPSPLIB/j12045_7.sm;355;1.799 min;;;;;
InstanzenPSPLIB/j12045_3.sm;225;2.488 min;;;;;
InstanzenPSPLIB/j12045_6.sm;305;2.327 min;;;;;
InstanzenPSPLIB/j12045_5.sm;277;2.534 min;;;;;
InstanzenPSPLIB/j12045_9.sm;228;1.810 min;;;;;
InstanzenPSPLIB/j12046_1.sm;556;1.830 min;;;;;
InstanzenPSPLIB/j12045_10.sm;207;2.119 min;;;;;
InstanzenPSPLIB/j12045_8.sm;238;2.350 min;;;;;
InstanzenPSPLIB/j12046_2.sm;559;2.522 min;;;;;
InstanzenPSPLIB/j12046_8.sm;522;1.510 min;;;;;
InstanzenPSPLIB/j12046_3.sm;494;2.257 min;;;;;
InstanzenPSPLIB/j12046_6.sm;485;2.012 min;;;;;
InstanzenPSPLIB/j12046_4.sm;437;2.398 min;;;;;
InstanzenPSPLIB/j12046_5.sm;487;2.321 min;;;;;
InstanzenPSPLIB/j12046_7.sm;483;2.166 min;;;;;
InstanzenPSPLIB/j12046_10.sm;528;2.130 min;;;;;
InstanzenPSPLIB/j12046_9.sm;498;2.498 min;;;;;
InstanzenPSPLIB/j12047_1.sm;432;2.259 min;;;;;
InstanzenPSPLIB/j12047_2.sm;387;2.469 min;;;;;
InstanzenPSPLIB/j12047_4.sm;373;2.287 min;;;;;
InstanzenPSPLIB/j12047_3.sm;406;2.333 min;;;;;
InstanzenPSPLIB/j12047_8.sm;454;2.036 min;;;;;
InstanzenPSPLIB/j12047_5.sm;402;2.410 min;;;;;
InstanzenPSPLIB/j12047_7.sm;348;2.260 min;;;;;
InstanzenPSPLIB/j12047_6.sm;445;2.312 min;;;;;
InstanzenPSPLIB/j12047_10.sm;482;1.856 min;;;;;
InstanzenPSPLIB/j12047_9.sm;409;2.102 min;;;;;
InstanzenPSPLIB/j12048_1.sm;330;2.060 min;;;;;
InstanzenPSPLIB/j12048_2.sm;379;2.278 min;;;;;
InstanzenPSPLIB/j12048_3.sm;390;2.159 min;;;;;
InstanzenPSPLIB/j12048_4.sm;417;2.381 min;;;;;
InstanzenPSPLIB/j12048_8.sm;338;2.066 min;;;;;
InstanzenPSPLIB/j12048_6.sm;336;2.204 min;;;;;
InstanzenPSPLIB/j12048_7.sm;342;2.219 min;;;;;
InstanzenPSPLIB/j12048_5.sm;329;2.373 min;;;;;
InstanzenPSPLIB/j12048_10.sm;334;1.897 min;;;;;
InstanzenPSPLIB/j12048_9.sm;374;2.071 min;;;;;
InstanzenPSPLIB/j12049_1.sm;255;2.159 min;;;;;
InstanzenPSPLIB/j12049_2.sm;333;1.986 min;;;;;
InstanzenPSPLIB/j12049_5.sm;273;1.715 min;;;;;
InstanzenPSPLIB/j12049_3.sm;309;2.293 min;;;;;
InstanzenPSPLIB/j12049_4.sm;300;2.263 min;;;;;
InstanzenPSPLIB/j12049_9.sm;298;2.196 min;;;;;
InstanzenPSPLIB/j12049_10.sm;302;2.130 min;;;;;
InstanzenPSPLIB/j12049_8.sm;369;2.341 min;;;;;
InstanzenPSPLIB/j12049_6.sm;320;2.437 min;;;;;
InstanzenPSPLIB/j12049_7.sm;298;2.435 min;;;;;
InstanzenPSPLIB/j12050_1.sm;268;2.194 min;;;;;
InstanzenPSPLIB/j12050_2.sm;334;1.637 min;;;;;
InstanzenPSPLIB/j12050_3.sm;314;1.874 min;;;;;
InstanzenPSPLIB/j12050_4.sm;310;2.018 min;;;;;
InstanzenPSPLIB/j12050_7.sm;289;1.894 min;;;;;
InstanzenPSPLIB/j12050_5.sm;296;2.446 min;;;;;
InstanzenPSPLIB/j12050_10.sm;259;2.117 min;;;;;
InstanzenPSPLIB/j12050_6.sm;262;2.358 min;;;;;
InstanzenPSPLIB/j12050_9.sm;295;2.317 min;;;;;
InstanzenPSPLIB/j12050_8.sm;270;2.445 min;;;;;
InstanzenPSPLIB/j12051_2.sm;557;1.852 min;;;;;
InstanzenPSPLIB/j12051_1.sm;574;2.414 min;;;;;
InstanzenPSPLIB/j12051_3.sm;559;2.152 min;;;;;
InstanzenPSPLIB/j12051_4.sm;564;1.929 min;;;;;
InstanzenPSPLIB/j12051_5.sm;610;2.097 min;;;;;
InstanzenPSPLIB/j12051_10.sm;623;1.807 min;;;;;
InstanzenPSPLIB/j12051_6.sm;557;2.173 min;;;;;
InstanzenPSPLIB/j12051_9.sm;576;2.033 min;;;;;
InstanzenPSPLIB/j12051_8.sm;526;2.129 min;;;;;
InstanzenPSPLIB/j12051_7.sm;533;2.467 min;;;;;
InstanzenPSPLIB/j12052_1.sm;513;2.201 min;;;;;
InstanzenPSPLIB/j12052_2.sm;560;2.389 min;;;;;
InstanzenPSPLIB/j12052_3.sm;425;2.382 min;;;;;
InstanzenPSPLIB/j12052_4.sm;521;2.291 min;;;;;
InstanzenPSPLIB/j12052_6.sm;593;2.052 min;;;;;
InstanzenPSPLIB/j12052_5.sm;499;2.351 min;;;;;
InstanzenPSPLIB/j12052_9.sm;468;1.970 min;;;;;
InstanzenPSPLIB/j12052_7.sm;456;2.084 min;;;;;
InstanzenPSPLIB/j12052_8.sm;461;2.155 min;;;;;
InstanzenPSPLIB/j12052_10.sm;459;2.149 min;;;;;
InstanzenPSPLIB/j12053_2.sm;349;2.003 min;;;;;
InstanzenPSPLIB/j12053_1.sm;436;2.469 min;;;;;
InstanzenPSPLIB/j12053_5.sm;361;1.444 min;;;;;
InstanzenPSPLIB/j12053_7.sm;399;1.510 min;;;;;
InstanzenPSPLIB/j12053_3.sm;359;2.340 min;;;;;
InstanzenPSPLIB/j12053_4.sm;446;2.343 min;;;;;
InstanzenPSPLIB/j12053_6.sm;354;2.034 min;;;;;
InstanzenPSPLIB/j12053_8.sm;431;2.479 min;;;;;
InstanzenPSPLIB/j12053_9.sm;522;2.488 min;;;;;
InstanzenPSPLIB/j12053_10.sm;407;2.404 min;;;;;
InstanzenPSPLIB/j12054_1.sm;313;2.093 min;;;;;
InstanzenPSPLIB/j12054_2.sm;348;2.442 min;;;;;
InstanzenPSPLIB/j12054_4.sm;390;1.960 min;;;;;
InstanzenPSPLIB/j12054_5.sm;395;1.865 min;;;;;
InstanzenPSPLIB/j12054_3.sm;321;2.208 min;;;;;
InstanzenPSPLIB/j12054_6.sm;340;2.251 min;;;;;
InstanzenPSPLIB/j12054_7.sm;375;1.948 min;;;;;
InstanzenPSPLIB/j12054_8.sm;318;1.943 min;;;;;
InstanzenPSPLIB/j12054_9.sm;332;2.415 min;;;;;
InstanzenPSPLIB/j12055_1.sm;320;2.132 min;;;;;
InstanzenPSPLIB/j12054_10.sm;348;2.446 min;;;;;
InstanzenPSPLIB/j12055_3.sm;320;2.019 min;;;;;
InstanzenPSPLIB/j12055_4.sm;277;2.069 min;;;;;
InstanzenPSPLIB/j12055_7.sm;246;1.606 min;;;;;
InstanzenPSPLIB/j12055_5.sm;300;2.094 min;;;;;
InstanzenPSPLIB/j12055_2.sm;235;2.390 min;;;;;
InstanzenPSPLIB/j12055_6.sm;297;2.368 min;;;;;
InstanzenPSPLIB/j12055_8.sm;286;2.407 min;;;;;
InstanzenPSPLIB/j12056_3.sm;631;1.590 min;;;;;
InstanzenPSPLIB/j12055_10.sm;287;2.072 min;;;;;
InstanzenPSPLIB/j12055_9.sm;300;2.324 min;;;;;
InstanzenPSPLIB/j12056_4.sm;554;1.885 min;;;;;
InstanzenPSPLIB/j12056_6.sm;574;1.850 min;;;;;
InstanzenPSPLIB/j12056_1.sm;607;2.434 min;;;;;
InstanzenPSPLIB/j12056_2.sm;548;2.379 min;;;;;
InstanzenPSPLIB/j12056_5.sm;650;2.280 min;;;;;
InstanzenPSPLIB/j12056_7.sm;655;2.192 min;;;;;
InstanzenPSPLIB/j12056_8.sm;652;2.085 min;;;;;
InstanzenPSPLIB/j12056_10.sm;649;1.893 min;;;;;
InstanzenPSPLIB/j12056_9.sm;692;2.150 min;;;;;
InstanzenPSPLIB/j12057_3.sm;603;1.905 min;;;;;
InstanzenPSPLIB/j12057_2.sm;526;2.225 min;;;;;
InstanzenPSPLIB/j12057_1.sm;624;2.298 min;;;;;
InstanzenPSPLIB/j12057_5.sm;554;2.054 min;;;;;
InstanzenPSPLIB/j12057_4.sm;606;2.342 min;;;;;
InstanzenPSPLIB/j12057_6.sm;587;2.447 min;;;;;
InstanzenPSPLIB/j12057_7.sm;564;1.994 min;;;;;
InstanzenPSPLIB/j12058_1.sm;437;1.442 min;;;;;
InstanzenPSPLIB/j12057_9.sm;565;2.345 min;;;;;
InstanzenPSPLIB/j12058_2.sm;401;1.772 min;;;;;
InstanzenPSPLIB/j12057_8.sm;540;2.491 min;;;;;
InstanzenPSPLIB/j12057_10.sm;563;2.459 min;;;;;
InstanzenPSPLIB/j12058_3.sm;377;2.292 min;;;;;
InstanzenPSPLIB/j12058_6.sm;528;1.677 min;;;;;
InstanzenPSPLIB/j12058_4.sm;514;2.290 min;;;;;
InstanzenPSPLIB/j12058_5.sm;361;2.243 min;;;;;
InstanzenPSPLIB/j12058_7.sm;495;2.469 min;;;;;
InstanzenPSPLIB/j12058_8.sm;392;2.247 min;;;;;
InstanzenPSPLIB/j12058_10.sm;438;1.806 min;;;;;
InstanzenPSPLIB/j12058_9.sm;416;2.384 min;;;;;
InstanzenPSPLIB/j12059_1.sm;321;2.414 min;;;;;
InstanzenPSPLIB/j12059_4.sm;325;1.835 min;;;;;
InstanzenPSPLIB/j12059_2.sm;319;2.351 min;;;;;
InstanzenPSPLIB/j12059_3.sm;315;2.309 min;;;;;
InstanzenPSPLIB/j12059_6.sm;338;2.206 min;;;;;
InstanzenPSPLIB/j12059_5.sm;329;2.380 min;;;;;
InstanzenPSPLIB/j12059_9.sm;331;1.478 min;;;;;
InstanzenPSPLIB/j12059_8.sm;347;1.976 min;;;;;
InstanzenPSPLIB/j12059_7.sm;337;2.216 min;;;;;
InstanzenPSPLIB/j12060_3.sm;277;1.530 min;;;;;
InstanzenPSPLIB/j12060_2.sm;248;2.163 min;;;;;
InstanzenPSPLIB/j12060_1.sm;314;2.286 min;;;;;
InstanzenPSPLIB/j12059_10.sm;438;2.424 min;;;;;
InstanzenPSPLIB/j12060_7.sm;290;1.535 min;;;;;
InstanzenPSPLIB/j12060_4.sm;315;2.187 min;;;;;
InstanzenPSPLIB/j12060_6.sm;335;2.063 min;;;;;
InstanzenPSPLIB/j12060_5.sm;337;2.161 min;;;;;
InstanzenPSPLIB/j12060_9.sm;278;1.655 min;;;;;
InstanzenPSPLIB/j12060_8.sm;332;1.852 min;;;;;
InstanzenPSPLIB/j12060_10.sm;272;1.526 min;;;;;
Total time: 107.002 min;;;;;;;
